{"cameraMode":{"drawMode":0,"name":"Shaded","section":"Shading Mode"},"sceneLighting":false,"audioPlay":false,"sceneViewState":{"showFog":true,"showMaterialUpdate":false,"showSkybox":true,"showFlares":true,"showImageEffects":true,"showParticleSystems":true},"in2DMode":false,"pivot":{"x":-1.0,"y":1.0299999713897706,"z":24.100000381469728},"rotation":{"x":-0.09483321011066437,"y":0.42341065406799319,"z":-0.04462207853794098,"w":-0.8998550176620483},"size":4.041658401489258,"orthographic":false}